{
  "user": [
    {
      "username": "Sheetal Shendage",
      "email": "shendagesheetal@gmail.com",
      "password": "sheetal@123",
      "id": 1
    },
    {
      "username": "Shubham Nikam ",
      "email": "shubhamnikam@gmail.com",
      "password": "shubham@123",
      "id": 2
    },
    {
      "username": "Nitin Gaikwad",
      "email": "nitingaikwad@gmail.com",
      "password": "",
      "id": 3
    },
    {
      "username": "Komal Shendage",
      "email": "shendagekomal@gmail.com",
      "password": "komal@123",
      "id": 4
    },
    {
      "username": "Pranjal Shendage",
      "email": "shendagepranjal@gmail.com",
      "password": "Pranjal123",
      "id": 5
    },
    {
      "username": "akansksha",
      "email": "akanksha@gmail.com",
      "password": "akanksha123",
      "id": 6
    },
    {
      "username": "sourabh",
      "email": "sourabhs@gmail.com",
      "password": "ourabh123",
      "id": 7
    },
    {
      "username": "shivam",
      "email": "shivam@gmail.com",
      "password": "shivam@345",
      "id": 8
    }
  ],
  "blog": [
    {
      "title": "personal blog",
      "blogData": "nature related blog",
      "categoryName": "nature",
      "id": 1,
      "image": "image10.jpg",
      "timestamp": "20/20/20/12:00 IST"
    },
    {
      "title": "personal blog",
      "blogData": "nature related blog",
      "categoryName": "nature",
      "id": 2,
      "image": "image10.jpg",
      "timestamp": "20/20/20/12:00 IST"
    },
    {
      "title": "personal blog",
      "blogData": "technology related blog",
      "categoryName": "technology",
      "id": 3,
      "image": "image10.jpg",
      "timestamp": "20/20/20/12:00 IST"
    },
    {
      "title": "personal blog",
      "blogData": "literature related blog",
      "categoryName": "literature",
      "id": 4,
      "image": "image10.jpg",
      "timestamp": "20/20/20/12:00 IST"
    },
    {
      "title": "personal blog 1",
      "blogData": "hi blogger world",
      "categoryName": "Technology",
      "image": "C:\\fakepath\\image10.jpg",
      "timestamp": "1621808487085",
      "id": 5
    },
    {
      "title": "personal blog 2",
      "blogData": "excited",
      "categoryName": "Nature",
      "image": "C:\\fakepath\\image10.jpg",
      "timestamp": "Mon May 24 2021 03:53:23 GMT+0530 (India Standard Time)",
      "id": 6
    },
    {
      "title": "personal blog 3",
      "blogData": "more excited",
      "categoryName": "Literature",
      "image": "C:\\fakepath\\image10.jpg",
      "timestamp": "Mon May 24 2021 03:54:28 GMT+0530 (India Standard Time)",
      "id": 7
    },
    {
      "title": "blog 5",
      "blogData": "sd",
      "categoryName": "Technology",
      "image": "",
      "timestamp": "Mon May 24 2021 04:31:39 GMT+0530 (India Standard Time)",
      "id": 8
    },
    {
      "title": "blog 7",
      "blogData": "kjlkjl ",
      "categoryName": "Literature",
      "image": "",
      "timestamp": "Mon May 24 2021 14:19:42 GMT+0530 (India Standard Time)",
      "id": 9
    }
  ]
}